1,52.210000,1.120000,10.7,0.875061,-274.6,0.445137,-159,0.144502,2.852369,-24.58,88,1.229170
2,52.210000,1.120000,21,0.875061,-274.6,0.033424,-159,0.203219,2.976577,-24.58,89,1.626340
3,52.170000,1.075000,28.3,1.220108,-271.5,0.437909,-155.51,0.057546,3.767794,-24.47,91,1.246745
4,52.170000,1.075000,31.5,1.220108,-271.5,0.428297,-155.51,0.058684,3.777031,-24.47,91,1.419956
5,52.170000,1.075000,30,1.220108,-271.5,0.524136,-155.51,0.049522,3.697726,-24.47,90,1.633468
6,52.145000,1.205000,31.5,1.357935,-278.9,0.588047,-162.02,0.101763,4.536116,-24.53,76,1.430559
7,50.510000,-4.270000,12.3,1.421604,-229,1.028164,-127.78,0.003127,3.607525,-25.74,128,1.228272
8,51.415000,-2.090000,20,1.444045,-175.2,0.978181,-115.65,0.037803,3.803840,-23.4,138,1.228272
10,51.855000,0.280000,31.76,1.491362,-224.2,0.080626,-128.43,0.000663,5.736368,-25.42,137,1.243658
11,53.820000,-1.230000,19.3,1.542825,-174.7,0.800580,-114.32,0.136129,5.525367,-25,50,1.226213
12,53.800000,-0.820000,26,1.558709,-174.2,0.618153,-124.48,0.001421,5.035087,-25.42,60,1.239675
13,51.275000,-1.010000,25,1.589950,-179.7,0.287130,-117.07,0.026948,4.737252,-27.32,207,1.243658
14,51.450000,-0.670000,37.8,1.760422,-174.5,0.476976,-119.08,0.403112,7.959214,-29.53,104,1.243658
15,51.970000,-1.021000,40,1.803457,-158.9,0.281942,-118.19,0.004132,6.685413,-30.33,248,1.233377
16,50.750000,-3.470000,26.5,1.559907,-204.7,0.139564,-117.39,0.000277,4.176181,-26.47,263,0.977358
18,52.370000,1.090000,33.5,1.607455,-274.6,0.072617,-161.83,0.016876,5.516328,-25.04,138,0.907304
19,55.930000,-2.960000,22,1.662758,-164.7,0.752048,-101.23,0.004652,5.395093,-23.38,148,1.000000
20,52.270000,-1.540000,27.5,1.735599,-150.3,0.547529,-117.94,0.004334,6.478535,-23.76,155,0.892095
21,55.225000,-1.825000,32,1.755875,-206,0.337858,-119.05,0.005215,5.510150,-23.11,261,1.002252
22,54.590000,-1.485000,29,1.788875,-197.3,0.164650,-125.66,0.000000,5.532520,-22.59,299,0.995504
23,51.225000,-3.120000,25.5,1.790988,-180.6,0.435685,-105.89,0.000851,5.128247,-24.46,320,0.994229
24,50.925000,-1.310000,27.5,1.797960,-192.2,0.509471,-124.27,0.179466,6.737817,-28.27,163,1.000000
25,54.065000,-1.385000,31.5,1.799341,-181,0.330211,-114.09,0.000061,6.043101,-22.82,228,1.000000
26,51.305000,-0.510000,34,1.837588,-178.8,0.543447,-120.51,0.293264,9.034665,-26.2,92,0.995635
27,52.275000,0.200000,42,1.846337,-220.1,0.291369,-125.4,0.000000,7.273283,-30.58,162,0.897627
28,55.765000,-1.730000,34,1.873902,-223.9,0.361539,-120.15,0.066376,6.665898,-24.68,270,1.000000
29,48.583300,-3.666700,37.8,1.696793,-246.6,0.757700,-143.23,0.119355,5.744470,-25.74,148,1.118926
30,48.583300,-3.666700,36,1.696793,-246.6,0.757700,-143.23,0.119355,5.744470,-25.74,148,1.230449
31,48.624950,-3.458350,25,1.518514,-244.4,0.837525,-150.94,0.091638,4.382908,-26.92,151,1.310693
32,48.083300,-1.825000,19.5,1.447158,-206.7,0.762453,-130.59,0.000625,4.841379,-25.66,87,1.260405
35,47.316650,5.000000,28,1.722634,-288.4,0.908592,-206.1,0.003007,5.132082,-28.89,249,1.278754
36,47.374950,5.166650,34.3,1.979093,-291.4,0.075182,-207.81,0.001840,6.351302,-28.75,607,1.086253
37,48.666650,2.000000,30,1.600973,-263.1,0.211388,-155.72,0.000000,4.770173,-26.1,243,1.108565
38,47.916650,2.208300,36.42,1.667453,-267.7,0.127429,-172.06,0.000000,6.383439,-28.05,198,1.135419
39,47.541650,1.625000,37.44,1.682326,-266.6,0.137987,-164.43,0.002940,7.279364,-33.67,195,1.134751
40,48.416650,6.541650,33.5,1.740363,-286.5,0.232742,-213.24,0.000000,5.106126,-27.01,487,1.002857
41,48.791650,6.041650,29.09,1.686636,-268.9,0.341632,-200,0.000309,5.165385,-27.48,409,1.108565
42,43.749950,4.083300,36.88,1.718502,-354,0.419129,-230.39,1.295836,6.957506,-43.27,166,1.096910
43,43.916600,3.625000,32.85,1.783904,-319.1,1.393048,-199.55,0.034660,4.771700,-40.72,151,1.103804
44,43.749950,4.083300,46.4,1.718502,-354,0.510143,-230.39,2.697272,7.625186,-43.27,125,1.247973
45,44.083300,-0.358350,39.02,1.654946,-384.6,0.367356,-187.28,0.136034,6.431454,-34.83,156,1.006594
47,48.333300,-4.000050,29.5,1.630936,-247.5,0.832700,-122.91,0.028354,4.930140,-25.28,143,1.112605
48,46.950000,8.250000,13.8,1.977724,-334.3,1.490492,-192.76,0.000022,4.065177,-31.57,856,0.995635
49,47.200000,7.800000,40,2.045323,-333.8,0.887223,-202.87,0.000000,5.552091,-34.8,865,1.005609
50,46.800000,6.950000,28,1.863323,-340.8,0.918607,-217.46,0.002478,4.330756,-27.63,1081,1.001301
51,47.350000,7.400000,15,1.832509,-329.2,1.196453,-212.07,0.000000,4.597285,-30.18,616,1.003461
52,47.100000,7.850000,22.2,2.064458,-334.9,1.451387,-200.56,0.000000,4.669170,-39.82,542,0.919078
53,47.100000,7.850000,29.5,2.064458,-334.9,1.451387,-200.56,0.000000,4.669170,-39.82,542,1.004321
54,47.100000,7.850000,35.5,2.064458,-334.9,1.451387,-200.56,0.000000,4.669170,-39.82,542,1.114944
55,46.450000,6.450000,23.5,1.729974,-351.8,0.957128,-217.11,0.003707,3.427882,-26.97,1087,1.004751
56,46.250000,8.550000,21.5,2.025306,-333.1,1.312896,-193.68,0.042103,5.176577,-41.86,1610,0.998695
57,46.700000,6.600000,35.46,2.096910,-344.2,1.035710,-218.05,0.086419,7.621166,-27.72,379,0.998695
58,59.500000,18.000000,21.4,1.181844,-380.2,0.352183,-200.76,0.000174,3.547114,-24.7,88,1.225309
59,59.500000,18.000000,22.6,1.181844,-380.2,0.376942,-200.76,0.000180,3.563832,-24.7,86,1.378398
60,59.500000,18.000000,32.33,1.181844,-380.2,0.352183,-200.76,0.000178,3.559362,-24.7,85,1.623249
61,59.500000,18.000000,37.5,1.612784,-380.2,0.321805,-200.76,0.000066,5.162660,-24.7,109,1.227887
62,59.500000,18.000000,31.2,1.612784,-380.2,0.311542,-200.76,0.000068,5.177600,-24.7,109,1.380211
63,61.400000,22.400000,29.2,1.821514,-340.7,0.322426,-166.64,0.000000,6.861083,-26.06,141,1.086360
64,61.400000,22.400000,29.2,1.821514,-340.7,0.322426,-166.64,0.000000,6.861083,-26.06,141,1.089905
65,65.750000,25.400000,38,1.683947,-330.4,0.117603,-161.12,0.000000,6.164090,-27.33,149,1.077368
66,65.750000,25.400000,33.29,1.683947,-330.4,0.117603,-161.12,0.000000,6.164090,-27.33,149,1.086360
67,65.750000,25.400000,41,1.683947,-330.4,0.117603,-161.12,0.000000,6.164090,-27.33,149,1.090611
68,65.350000,25.850000,36.5,1.688064,-319.3,0.240050,-160.01,0.000000,6.109757,-27.56,141,1.077368
69,65.350000,25.850000,45.45,1.688064,-319.3,0.240050,-160.01,0.000000,6.109757,-27.56,141,1.081347
70,65.350000,25.850000,39,1.688064,-319.3,0.240050,-160.01,0.000000,6.109757,-27.56,141,1.086360
71,65.350000,25.850000,37.78,1.688064,-319.3,0.240050,-160.01,0.000000,6.109757,-27.56,141,1.090611
72,64.950000,26.000000,42,1.614897,-313.7,0.377124,-160.08,0.000000,5.444309,-26.83,123,1.086360
73,64.950000,26.000000,38.5,1.614897,-313.7,0.377124,-160.08,0.000000,5.444309,-26.83,123,1.090611
74,63.050000,27.150000,44.2,1.745075,-321.5,0.452553,-173.34,0.000000,5.453914,-23.91,209,1.130334
75,59.250000,25.875000,27,1.602060,-276.8,0.212188,-157.08,0.000000,4.316962,-26.56,162,0.986772
76,55.450000,37.025000,27,1.698970,-256.4,0.049218,-154.55,0.000542,4.431786,-31.53,286,0.986772
77,55.450000,37.025000,31,1.698970,-256.4,0.049218,-154.55,0.000538,4.427607,-31.53,287,1.079181
78,53.800000,37.325000,26,1.728354,-270.2,0.193125,-160.4,0.000000,4.389525,-29.18,314,0.986772
79,55.675000,36.425000,27,1.587711,-248.6,0.082785,-153.03,0.000000,3.857689,-31.12,278,0.986772
80,55.675000,36.425000,31,1.587711,-248.6,0.133539,-153.03,0.000000,3.822431,-31.12,285,1.146128
81,55.625000,36.375000,26,1.712650,-247.5,0.392697,-153.06,0.000000,4.337797,-31.15,286,0.986772
82,55.625000,35.875000,34,1.712650,-240.8,0.392697,-151.88,0.000000,4.348603,-30.82,280,1.146128
83,52.150000,23.725000,27,1.559907,-258.4,0.143015,-156.78,0.000000,3.974907,-26.88,208,0.986772
84,49.750000,29.725000,28,1.747412,-279.1,0.392697,-167.36,0.000096,4.696475,-28.29,250,0.986772
85,47.700000,42.035000,29,1.596597,-269.8,0.392697,-169.18,0.009333,5.009237,-32.18,99,0.986772
86,48.700000,27.975000,26.5,1.739572,-276.1,0.409933,-176.12,0.000000,4.354017,-27.31,312,0.986772
87,45.150000,37.250000,29,1.579784,-506.9,0.290035,-226.91,0.000006,4.900963,-43.36,116,0.986772
88,44.700000,38.200000,30,1.763428,-483.8,0.760422,-207.19,0.000012,6.025456,-45.56,26,0.986772
89,38.775000,66.100000,31,1.874482,-291.7,1.089905,-281.34,0.000006,4.339215,-31.59,431,0.986772
90,53.110000,49.840000,28,1.676694,-372.2,0.119256,-179.93,0.000000,4.664653,-33.78,210,0.986772
91,52.910000,48.815000,31,1.697229,-366.7,0.342423,-180.54,0.000000,4.560306,-33.89,236,0.986772
92,58.750000,29.625000,29.5,1.682145,-248.4,0.262451,-151.82,0.000000,4.991047,-27.59,140,1.079181
93,59.025000,28.975000,32,1.748188,-254.5,0.365488,-149.16,0.000000,5.662660,-26.63,100,1.079181
94,55.925000,36.850000,31,1.793092,-257.5,0.283301,-153.15,0.000000,5.325021,-31.06,197,1.079181
95,43.275000,40.100000,26.5,1.588832,-476.1,0.496930,-322.49,1.141051,5.855052,-39.77,32,0.986772
96,59.275000,26.750000,38,1.745855,-277.1,0.313867,-162.64,0.000000,5.305838,-26.05,134,0.986772
97,52.075000,23.000000,37,1.766413,-255.3,0.271842,-157.27,0.000000,4.761253,-27.5,262,0.986772
98,59.275000,27.875000,38,1.719331,-267.8,0.232996,-163.26,0.000000,5.732199,-25.18,95,0.986772
99,43.025000,40.625000,38,1.786751,-489.4,0.666518,-302.86,0.184852,6.247768,-41.86,47,0.986772
100,59.250000,25.000000,34,1.700704,-293.2,0.506505,-155.89,0.006202,5.361586,-26.67,76,0.986772
101,45.309450,-76.972500,15.8,1.212188,-289.8,0.635986,-240.53,0.000000,4.473949,-35.67,116,1.225309
102,45.309450,-76.972500,19.3,1.212188,-289.8,0.635986,-240.53,0.000000,4.473949,-35.67,116,1.250420
103,45.309450,-76.972500,8,1.212188,-289.8,0.635986,-240.53,0.000000,4.473949,-35.67,116,1.352761
104,45.309450,-76.972500,9.9,1.212188,-289.8,0.635986,-240.53,0.000000,4.473949,-35.67,116,1.358125
105,45.417950,-76.369300,2,1.195900,-296.8,1.217194,-241.14,0.000000,3.053987,-34.89,115,1.239299
106,45.417950,-76.369300,5.3,1.195900,-296.8,1.217194,-241.14,0.000000,3.053987,-34.89,115,1.374932
107,45.072800,-75.250850,31.13,1.703291,-285.2,0.122871,-240.87,0.000000,6.539120,-32.4,170,0.984527
108,45.072800,-75.250850,32.67,1.703291,-285.2,0.029384,-240.87,0.000000,6.699468,-32.4,171,0.984527
109,45.072800,-75.250850,38.9,1.703291,-285.2,0.122871,-240.87,0.000000,6.539120,-32.4,170,1.147676
110,45.072800,-75.250850,37.3,1.703291,-285.2,0.029384,-240.87,0.000000,6.699468,-32.4,171,1.147676
111,45.072800,-75.250850,33.46,1.703291,-285.2,0.236033,-240.87,0.000000,7.363523,-32.4,134,1.147676
112,43.117600,-81.156350,34.49,1.487138,-307.6,0.619093,-208.15,0.123292,5.557218,-31.04,322,1.356026
113,45.118050,-65.404600,42.48,1.905256,-284.8,0.226342,-148.68,0.001168,6.106391,-36.79,299,1.190332
114,54.362350,-122.610000,26.34,2.009876,-258,0.473925,-216.89,0.000000,5.704324,-23.4,1064,1.130334
115,54.157650,-122.473050,11.07,1.737987,-254.3,0.534026,-221.54,0.000000,3.822720,-23.33,1149,0.991226
116,53.695400,-122.541800,10.41,1.697229,-265.4,1.011105,-223.91,0.000000,4.446755,-23.69,881,0.995635
117,53.972900,-124.039700,20.76,1.890980,-275.4,0.596157,-198.15,0.000000,5.016064,-22.95,1005,1.120574
118,53.972900,-124.039700,19.29,1.890980,-275.4,0.596157,-198.15,0.000000,5.016064,-22.95,1005,1.130334
119,49.082400,-116.730700,12.78,1.710963,-226.6,0.267641,-207.51,0.000000,3.110842,-31,2313,1.004321
120,49.082400,-117.439700,8.42,1.718502,-239.2,1.257679,-217.63,0.000046,3.572357,-31.64,1296,1.110590
121,49.047950,-117.570400,20.21,1.854913,-242.7,0.876507,-220.51,0.000063,3.950699,-31.86,1815,1.004321
122,49.255550,-121.157350,10.8,1.829947,-272.6,0.963693,-179.02,0.000014,3.742012,-30.71,1660,0.991226
123,49.262050,-121.729850,5.61,1.617000,-281.1,1.479647,-198.77,0.000263,3.017477,-37.07,495,1.139879
126,74.608350,-96.250800,32.8,1.857332,-266.4,0.051153,-83.63,0.000000,5.160246,-17.49,182,0.810770
127,75.295850,-102.918350,58.9,1.959041,-229.4,0.090258,-94.96,0.000000,6.118457,-16.7,174,0.810434
128,74.780000,-98.852500,51.5,1.994757,-239.9,0.097951,-86.62,0.000000,6.864353,-17.32,165,0.809762
129,74.778350,-98.810000,42.6,1.984527,-240.3,0.311754,-86.23,0.000000,7.774675,-17.32,89,0.810098
130,59.475000,10.789200,30.5,1.757396,-287.8,0.104146,-202.94,0.000630,6.492347,-30.1,154,1.099681
131,61.753450,10.896250,20.2,1.966142,-241.6,0.891482,-166.71,0.000000,4.652228,-24.07,1076,1.081347
133,43.240000,11.515000,30.79,1.890141,-370.5,1.069187,-281.05,0.006762,4.543346,-46.73,911,1.100371
134,44.700000,9.650000,48.13,2.268016,-375.8,1.078384,-287.58,0.026214,7.692206,-53.26,136,1.102708
135,42.515000,11.740000,23.01,1.932626,-479.3,1.159236,-308.03,0.008126,4.894273,-47.31,588,1.103804
136,44.735000,11.090000,49.03,1.962038,-341.6,0.471878,-265.44,0.958170,7.465319,-43.38,145,0.875061
137,44.165000,8.680000,44.77,1.961326,-481.2,0.204391,-377.21,1.607682,8.471127,-63.4,175,0.869232
138,44.165000,8.680000,45.44,1.961326,-481.2,0.204391,-377.21,1.607682,8.471127,-63.4,175,0.886491
139,43.515000,11.415000,41.04,2.155063,-328.5,0.727379,-282.24,0.003834,6.089900,-43.83,1127,0.895423
140,44.740000,11.975000,50,2.147584,-357.4,0.380573,-256.75,0.049287,7.998812,-38.26,335,0.895423
141,45.475000,11.060000,30,2.035430,-315,0.609488,-238.31,0.057969,6.096894,-44.65,539,0.895423
142,45.350000,9.335000,36.99,1.776265,-338.5,0.264109,-216.93,0.693685,5.876138,-51.46,252,1.113943
143,44.645000,11.525000,40.41,1.663041,-347.1,0.777934,-264.14,1.111891,5.511822,-39.16,38,1.120574
144,41.625000,10.160000,47.78,2.377270,-710.6,0.619824,-360.71,0.075587,10.058908,-54.67,587,1.000434
145,42.250000,14.465000,34.31,1.685294,-425.5,0.701136,-377.16,1.590960,5.863316,-54.13,161,1.100371
161,-25.587900,-49.517500,20.2,1.643453,-280.1,0.096910,-190.09,1.168217,5.535253,-49.42,1049,1.089905
162,-25.500000,-49.500000,24.8,1.604226,-280.1,0.588608,-193.64,0.513687,4.778464,-49.31,1053,1.089905
163,-25.500000,-49.500000,32.1,1.759668,-280.1,0.765892,-193.64,0.336924,5.421423,-49.31,1043,1.089905
164,-25.500000,-49.500000,28.8,1.759668,-280.1,0.765892,-193.64,0.336924,5.421423,-49.31,1043,1.000000
165,59.956800,11.156100,26.5,1.734800,-260.6,0.512017,-184.38,0.000000,4.634649,-28.2,404,1.017451
166,61.141650,-64.608300,43,2.007321,-201.1,0.350248,-92.87,0.000000,5.752498,-21.93,239,0.810569
167,62.166650,-64.966650,39.17,2.120245,-208.4,0.146128,-105.75,0.000000,6.478669,-21.89,366,0.809762
168,62.900000,-66.475000,35.61,2.099335,-233,0.235528,-153.92,0.000000,5.705911,-21.68,429,0.810636
169,63.408350,-68.001650,20.5,1.952308,-229.4,0.809560,-216.91,0.000000,5.527319,-21.4,27,0.809560
170,60.500000,17.000000,32.04,1.691081,-300.5,0.705265,-161.75,0.000000,5.138700,-26.22,135,0.913814
171,60.500000,17.000000,38.13,1.863323,-300.5,0.574379,-161.75,0.000000,6.192904,-26.22,145,0.913814
172,59.765400,10.434300,32.5,1.744293,-265.8,0.514548,-188.45,0.000280,4.384746,-31.96,420,1.130334
173,59.846800,11.016250,33.9,1.698970,-265.5,0.746868,-188.04,0.000000,4.599241,-28.27,339,1.107210
174,60.182650,10.915150,25.24,1.705864,-252.6,0.444045,-177.5,0.000000,4.238969,-26.87,590,0.986772
176,59.830300,10.096400,34.52,1.863323,-256,0.740363,-183.45,0.000074,4.703939,-34.7,594,0.986772
177,59.002100,9.404750,39.51,1.792392,-293.1,0.757396,-195.31,0.002956,5.023750,-30.24,248,1.107210
178,58.615700,8.939300,22.5,1.591065,-299.8,0.683047,-205.39,0.019854,4.788837,-30.62,118,1.107210
179,65.255550,11.519050,33,1.972203,-292.3,0.886209,-185.76,0.000001,5.186225,-21.27,167.5,1.103804
181,55.598500,12.190000,38.5,1.650308,-391.2,0.431364,-200.15,0.000000,5.451668,-25.44,88,1.306425
182,24.852100,67.078100,34.3,1.079181,-689.8,0.713238,-335.5,66.698341,4.549420,-85.54,17,1.278754
184,49.333300,4.083300,32,1.590842,-269.8,0.448706,-176.52,0.000000,4.690950,-27.1,240,1.096910
185,49.333300,4.083300,27.6,1.590842,-269.8,0.494155,-176.52,0.000000,4.755310,-27.1,228,1.225180
186,45.499950,4.999950,23.8,1.571709,-300.8,0.899821,-187.94,0.076071,4.419360,-27.53,306,1.108565
187,45.791600,5.249950,23,1.743510,-313.7,1.270446,-200.33,0.017205,4.250160,-30.28,290,1.087284
188,47.708300,7.083300,29.6,1.544068,-316.2,0.988113,-217.87,0.002038,4.107223,-27.47,354,1.078276
190,45.958300,1.083300,28,1.582745,-285.9,0.453318,-191.51,0.019151,4.782070,-30.47,378,1.087284
191,45.999950,1.416650,32,1.551450,-287.2,0.943495,-194.89,0.001403,3.956089,-30.74,448,1.077586
193,47.499950,5.000000,23.6,1.531479,-283.7,0.471292,-204.87,0.001145,4.004436,-28.33,568,1.108565
194,54.080000,-2.950000,16.67,1.501059,-176.6,0.190332,-140.16,0.002608,4.192020,-21.36,139,1.226342
195,50.985000,1.500000,43.11,1.782473,-278,0.264818,-170.8,0.044948,5.618013,-28.49,177,0.994889
196,51.035000,1.500000,40.74,1.732394,-278.7,0.487138,-171.11,0.361749,6.789643,-28.65,48,0.994889
197,30.256650,31.216650,42.06,1.665581,-403.2,0.014940,-169.67,8.208285,6.784981,-57.86,103,1.106633
198,30.627500,31.090250,43.8,1.605305,-561.9,0.365488,-180.65,3.485676,6.159531,-52.25,65,1.094820
199,30.837500,30.831950,43.06,1.525045,-656.3,0.055760,-197.77,2.011721,5.628243,-49.74,75,1.106531
200,30.844450,29.241650,50.05,1.636488,-713.2,0.054613,-257.65,2.007904,6.162278,-53.14,84,1.103804
201,30.431700,29.595000,46.46,1.389166,-549.8,0.378398,-201.95,3.235922,4.826955,-52.05,50,1.106531
202,31.333350,32.050000,51.77,1.690196,-857.2,0.000000,-260.33,1.135735,7.091573,-37.53,70,1.079181
203,31.075000,32.300000,38.62,1.623249,-752.5,0.092721,-267.16,2.483919,6.870873,-39.51,50,1.079181
204,50.985000,1.500000,40.74,1.782473,-278,0.397940,-170.8,0.033437,5.414049,-28.49,179,0.994889
206,39.250000,15.250000,60,2.476904,-770.03,0.257679,-461.49,0.061376,9.309683,-66.68,1767,0.914184
207,40.850000,14.700000,31.76,1.921790,-508.1,0.801266,-320.23,0.030628,4.766285,-54.8,831,0.875061
208,44.050000,10.150000,43.01,1.984257,-403,0.231724,-390.62,0.000174,5.238387,-53.14,868,0.913814
209,41.625000,10.160000,51.3,2.377270,-710.6,0.602928,-360.71,0.067827,9.923627,-54.67,625,0.841359
210,41.625000,10.160000,54.77,2.377270,-710.6,0.612784,-360.71,0.072183,10.001127,-54.67,603,0.905148
211,41.625000,10.160000,50,2.377270,-710.6,0.608740,-360.71,0.070328,9.968643,-54.67,612,1.007321
212,41.825000,9.685000,49.03,2.359627,-604.62,0.393926,-346.19,0.043404,8.588747,-59.51,1036,1.130334
213,44.400000,9.100000,34.77,1.916559,-452.7,0.795672,-339.82,0.019476,4.691948,-60.05,872,0.875061
214,44.350000,8.350000,27.99,1.812913,-438.4,1.192679,-336.68,0.056908,4.618479,-60.14,351,1.119817
215,44.350000,8.350000,35.31,1.812913,-438.4,1.192679,-336.68,0.056908,4.618479,-60.14,351,1.226729
216,44.400000,9.100000,36.02,1.916559,-452.7,0.795672,-339.82,0.019648,4.697108,-60.05,872,0.914977
217,44.475000,8.740000,30,1.512951,-437.5,1.574135,-320.6,0.151514,3.544000,-59.38,113,1.226729
218,44.950000,11.350000,36.99,1.777499,-348.4,1.018326,-256.78,0.221964,5.132199,-39.66,33,0.905904
219,45.300000,9.500000,30,1.942355,-335.1,0.921322,-220.13,0.088797,5.773573,-51.68,239,0.918030
220,44.285000,11.940000,23.42,1.772102,-332,1.105340,-275.08,0.024077,5.414488,-42.41,37,1.136721
221,44.285000,11.940000,21.76,1.772102,-332,1.105340,-275.08,0.024077,5.414488,-42.41,37,1.240549
222,45.250000,8.800000,26.99,1.596597,-351.6,0.199206,-215.77,7.015793,5.769592,-49.94,216,1.138113
223,45.200000,8.200000,31.46,1.673482,-355.2,0.364551,-218.05,6.503148,6.560127,-49.43,215,1.117967
224,45.200000,8.200000,36.53,1.673482,-355.2,0.364551,-218.05,6.503148,6.560127,-49.43,215,1.228785
225,44.850000,8.750000,33.01,2.098055,-380.3,0.966517,-250.27,0.144123,6.459539,-49.13,265,0.875061
226,44.850000,8.750000,43.01,2.098055,-380.3,0.966517,-250.27,0.144123,6.459539,-49.13,265,0.913443
227,45.300000,10.600000,32.79,2.051577,-309.5,0.536811,-238.25,0.011133,5.916437,-48.03,602,0.905148
228,43.850000,10.950000,26.99,1.775610,-356.1,1.188928,-289.14,0.015094,4.752675,-43.15,80,0.912647
229,43.650000,11.250000,34.62,1.923865,-341,0.416474,-282.49,0.006692,5.112153,-42.64,804,0.913814
230,42.650000,12.250000,31,1.698970,-412.7,0.305351,-297.4,0.001256,3.891564,-41.22,842,1.134783
231,42.650000,12.250000,31.34,1.698970,-412.7,0.305351,-297.4,0.001256,3.891564,-41.22,842,1.224663
232,42.650000,12.250000,17.78,1.556303,-412.7,1.085148,-297.4,0.004266,3.847298,-41.22,426,1.137227
233,42.650000,12.250000,23.01,1.556303,-412.7,1.085148,-297.4,0.004266,3.847298,-41.22,426,1.223626
234,43.100000,12.100000,23.98,1.623249,-353.3,0.535167,-282.24,0.009079,3.955635,-43.41,729,1.134783
235,43.100000,12.100000,27.78,1.623249,-353.3,0.535167,-282.24,0.009079,3.955635,-43.41,729,1.250786
236,44.460000,10.790000,25.31,1.750123,-344.9,0.102777,-285.61,0.084444,4.740684,-46.53,750,1.136721
237,44.460000,10.790000,29.54,1.750123,-344.9,0.102777,-285.61,0.084444,4.740684,-46.53,750,1.240549
238,40.475000,8.835000,38.26,1.954725,-465.5,0.681874,-379.84,0.067211,5.271027,-49.7,988,0.917243
239,39.700000,9.050000,37.63,2.021189,-559.8,0.279895,-354.93,0.023794,5.715820,-58.84,984,0.917243
240,44.650000,8.100000,38.45,1.974189,-395.3,0.893984,-282.63,0.065616,5.585434,-54.07,655,0.915716
241,42.450000,12.300000,36.02,1.831102,-433.1,1.080446,-305.05,0.001372,5.399272,-39.7,143,1.230449
242,42.450000,12.300000,33.01,1.831102,-433.1,1.071845,-305.05,0.001157,5.285795,-39.7,173,0.929419
244,56.705000,37.130000,23.6,1.102091,-270.3,0.290035,-151.98,0.000000,3.416400,-30.45,164,1.243038
245,56.705000,37.130000,26.8,1.102091,-270.3,0.290035,-151.98,0.000000,3.416400,-30.45,164,1.403121
246,56.705000,37.130000,19,1.102091,-270.3,0.290035,-151.98,0.000000,3.416400,-30.45,164,1.547775
247,5.602100,-0.108200,29.48,1.404834,-193.9,0.178977,-120.34,0.363684,4.010705,-80.62,91,1.107210
248,5.755300,0.189700,46,1.694605,-211.4,0.369216,-126.69,0.206405,5.190919,-81.53,92,1.095518
249,5.996700,0.592900,46.73,1.736397,-243.1,0.141550,-138.14,0.328969,5.395124,-82.19,134,1.095518
250,13.000000,-16.000000,41.14,1.469822,-666.9,0.056905,-269.99,8.195080,5.424752,-53.08,77,1.079181
251,13.000000,-16.000000,57.32,1.778874,-666.9,0.000000,-269.99,3.384099,6.932539,-53.08,143,0.903090
252,13.000000,-16.000000,60.41,1.778874,-666.9,0.000000,-269.99,2.535447,6.686807,-53.08,158,1.136721
253,-17.100000,32.660000,24.7,1.732394,-176.9,0.887730,-133.46,0.030775,4.530441,-50.79,1098,1.110590
254,-16.540000,33.170000,27,2.051538,-187.8,0.803730,-156.32,0.041602,6.978665,-50.13,533,0.908485
255,-15.840000,34.625000,22.5,1.929419,-195.3,0.473633,-194.87,0.009690,5.413089,-48.9,985,0.908485
256,-25.500000,-49.500000,35.2,1.832509,-280.1,0.208979,-193.64,0.473978,6.152650,-49.31,1060,1.133539
257,-25.500000,-49.500000,30,1.736397,-280.1,0.234517,-193.64,0.445578,5.465774,-49.31,686,1.130334
258,-25.500000,-49.500000,16.99,1.668386,-280.1,1.367207,-193.64,0.157775,4.439006,-49.31,45,1.136721
260,47.200000,7.800000,35.26,2.046378,-333.8,0.896747,-202.87,0.000000,5.200488,-34.8,865,0.911158
261,47.200000,7.800000,35.12,2.046378,-333.8,0.901676,-202.87,0.000000,5.188916,-34.8,865,0.985426
262,47.200000,7.800000,36.42,2.046378,-333.8,0.901676,-202.87,0.000000,5.188916,-34.8,865,1.087426
263,47.200000,7.800000,37.49,2.046378,-333.8,0.905580,-202.87,0.000000,5.179750,-34.8,865,1.237795
265,64.557500,10.870300,19,1.865104,-300.7,0.831486,-176.66,0.000080,5.122500,-26.98,172.9,1.107210
266,65.255550,11.519050,8.5,1.733197,-292.28,1.138397,-185.76,0.000001,3.925460,-21.27,171.5,1.098298
267,65.255550,11.519050,26.21,1.972203,-292.28,0.883207,-185.76,0.000001,5.181047,-21.27,192.2,1.098298
268,48.454150,17.024900,24.3,1.787460,-273.4,0.797960,-179.67,0.000000,5.989193,-27.74,192,1.078457
269,48.841950,19.294750,28,1.689309,-256.1,1.212188,-192.63,0.000000,3.536280,-28.09,1262,1.074085
270,48.153350,17.387800,20.8,1.643453,-277.5,0.941511,-185.56,0.000143,4.684854,-25.76,148,1.083503
271,50.226350,14.449650,14,1.528917,-296.1,0.613842,-188.89,0.000000,4.387077,-25.94,293,0.998695
272,50.522500,14.375950,13,1.594393,-304.2,1.071882,-191.64,0.000000,4.198850,-23.55,294,0.998695
281,52.120000,21.110000,23.2,1.187521,-265.74,0.217484,-158.06,0.000000,4.055395,-25.76,121,1.243038
282,52.120000,21.110000,26.5,1.187521,-265.74,0.217484,-158.06,0.000000,4.055395,-25.76,121,1.390935
283,46.650000,24.000000,30.56,1.737193,-277.62,0.837588,-197.54,0.000000,5.034879,-30.82,467,1.112605
284,46.650000,24.000000,29.47,1.737193,-277.62,0.837588,-197.54,0.000000,5.034879,-30.82,467,1.109916
285,46.900000,23.400000,26.14,1.806180,-283.12,0.146128,-210.17,0.000000,4.946827,-30.13,732,1.107210
286,46.900000,23.400000,26.14,1.806180,-283.12,0.146128,-210.17,0.000000,4.946827,-30.13,732,1.112605
287,39.400000,55.450000,41.8,2.220108,-216.22,1.053078,-220.91,0.051823,7.491747,-52.64,150,0.986772
288,39.900000,53.750000,39.7,2.146748,-453.32,1.127105,-273.64,0.025698,6.695716,-59.88,200,0.986772
289,38.350000,53.750000,38,2.039811,-548.21,1.138934,-336.33,0.025603,5.484158,-62.12,400,0.986772
290,42.450000,73.380000,31.6,2.210586,-216.46,1.245513,-208.63,0.000000,4.654464,-24.25,800,1.107210
291,41.255000,74.870000,22.49,2.099335,-215.48,0.690196,-130.4,0.000004,3.989909,-31.52,2625,1.107210
292,42.425000,75.205000,24.99,2.096910,-259.2,1.397245,-194.96,0.000000,4.192629,-32.05,790,1.107210
293,42.315000,77.535000,38.1,1.921686,-239.5,0.769377,-176.61,0.000000,3.339195,-31.57,2113,1.029384
294,42.365000,76.550000,26,1.914343,-258.84,1.431364,-189.66,0.000000,3.216782,-32.06,1605,1.029384
295,41.275000,73.290000,17.97,1.895423,-238.62,1.100371,-199.55,0.000000,3.072739,-26.32,2176,1.107210
296,41.215000,71.880000,17,1.857332,-270.54,0.968483,-189.59,0.000259,3.076136,-29.23,1972,1.107210
297,41.720000,72.800000,14.1,1.799341,-216.54,0.924279,-178.14,0.000000,2.639434,-25.01,2628,1.107210
298,-37.534900,146.034150,15.47,1.461499,-249.65,0.278390,-191.6,0.226329,2.891301,-38.53,1367,1.134751
299,-30.439650,151.661950,18.24,1.376577,-240.69,0.936868,-197.58,0.502040,3.511000,-46.98,1168,1.134305
300,-25.594100,146.446200,54.05,1.547652,-301.47,0.195069,-181.53,207.211799,7.267171,-55.25,434,1.132180
301,-25.594100,146.446200,56.38,1.547652,-301.47,0.153815,-181.53,235.380755,7.383885,-55.25,434,1.132180
302,-25.594100,146.446200,53.18,1.547652,-301.47,0.195069,-181.53,207.211799,7.267171,-55.25,434,1.137307
303,-25.594100,146.446200,55.43,1.547652,-301.47,0.232488,-181.53,235.380755,7.383885,-55.25,429,1.137307
304,-37.052736,139.961284,31.92,1.430904,-442.01,0.414017,-191.88,14.098582,4.782089,-43.16,57,1.132180
305,-37.052736,139.961284,33.28,1.430904,-442.01,0.368239,-191.88,15.872686,4.853466,-43.16,57,1.132180
306,-37.052736,139.961284,33.02,1.430904,-442.01,0.414017,-191.88,14.098582,4.782089,-43.16,57,1.137307
307,-37.052736,139.961284,32.76,1.430904,-442.01,0.443992,-191.88,15.333080,4.832528,-43.16,52,1.137307
308,-32.392590,137.677625,32.87,1.431798,-246.45,0.591566,-221.65,80.931683,5.960185,-49.96,40.4,1.137307
309,-32.392590,137.677625,37.82,1.431798,-246.45,0.521125,-221.65,119.242850,6.256032,-49.96,40.4,1.137307
310,-32.392590,137.677625,34.18,1.431798,-246.45,0.591566,-221.65,80.931683,5.960185,-49.96,40.4,1.132180
311,-32.392590,137.677625,36.86,1.431798,-246.45,0.632012,-221.65,103.293557,6.144748,-49.96,30.1,1.132180
312,-32.167362,137.510415,24.32,1.516311,-247.81,0.610901,-202.11,31.408386,5.882892,-49.07,88.5,1.132180
313,-32.167362,137.510415,24.88,1.516311,-247.81,0.594390,-202.11,33.830612,5.937777,-49.07,88.5,1.132180
314,-32.167362,137.510415,25.73,1.516311,-247.81,0.610901,-202.11,31.408386,5.882892,-49.07,88.5,1.137307
315,-32.167362,137.510415,25.65,1.516311,-247.81,0.626807,-202.11,33.830612,5.937777,-49.07,83.5,1.137307
316,-31.850833,137.293197,33.63,1.689693,-247.14,0.213090,-187.97,27.177583,7.129188,-47.85,178.7,1.136863
317,-31.850833,137.293197,33.27,1.689693,-247.14,0.239437,-187.97,29.241989,7.194731,-47.85,173.7,1.136863
318,-31.850833,137.293197,35.11,1.689693,-247.14,0.213090,-187.97,27.177583,7.129188,-47.85,178.7,1.131731
319,-31.850833,137.293197,37.21,1.689693,-247.14,0.185040,-187.97,29.241989,7.194731,-47.85,178.7,1.131731
320,-22.250449,133.612960,36.54,1.611829,-241.6,0.151673,-181.34,7.792866,7.346426,-50.72,616.8,1.147497
321,-22.250449,133.612960,39.72,1.611829,-241.6,0.311984,-181.34,13.108417,7.839849,-50.72,590.9,1.147497
322,-22.250449,133.612960,41.79,1.611829,-241.6,0.151673,-181.34,7.792866,7.346426,-50.72,616.8,1.137761
323,-22.250449,133.612960,44.43,1.611829,-241.6,0.069502,-181.34,9.377613,7.518401,-50.72,616.8,1.137761
324,-22.269363,134.060070,33.94,1.723702,-238.72,0.449291,-176.71,5.758886,7.692957,-51.79,600.5,1.140095
325,-22.269363,134.060070,36.2,1.723702,-238.72,0.422839,-176.71,6.459627,7.804174,-51.79,600.5,1.140095
326,-22.269363,134.060070,35.83,1.723702,-238.72,0.449291,-176.71,5.758886,7.692957,-51.79,600.5,1.149779
327,-22.269363,134.060070,36,1.723702,-238.72,0.476420,-176.71,6.529595,7.814690,-51.79,590.9,1.149779
328,-22.219547,134.570583,37.11,1.722222,-237.36,0.608876,-175.62,7.712180,7.554958,-54.04,534.9,1.147497
329,-22.219547,134.570583,43.46,1.722222,-237.36,0.629645,-175.62,8.764680,7.676741,-54.04,524.4,1.147497
330,-22.219547,134.570583,36.12,1.722222,-237.36,0.608876,-175.62,7.712180,7.554958,-54.04,534.9,1.137761
331,-22.219547,134.570583,39.78,1.722222,-237.36,0.590671,-175.62,8.580177,7.656353,-54.04,534.9,1.137761
332,-22.014722,134.825497,46.57,1.612254,-241.72,0.078390,-174.57,16.701209,7.156044,-56.6,534.9,1.148413
333,-22.014722,134.825497,48.23,1.612254,-241.72,0.162638,-174.57,19.799756,7.309910,-56.6,524.4,1.148413
334,-21.787726,135.017607,46.27,1.611405,-247.51,0.453308,-180.56,17.508935,7.191382,-56.6,467.8,1.137761
335,-21.787726,135.017607,49.75,1.611405,-247.51,0.375674,-180.56,24.298837,7.492091,-56.6,467.8,1.137761
336,-18.082280,145.182025,41.88,1.826600,-275.05,0.489121,-156.72,2.813844,7.211357,-58.96,816.9,1.128238
337,-18.082280,145.182025,41.87,1.826600,-275.05,0.476339,-156.72,2.915765,7.243501,-58.96,816.9,1.128238
338,-18.082280,145.182025,41.03,1.826600,-275.05,0.489121,-156.72,1.919316,6.411026,-53.4,816.9,1.133411
339,-18.082280,145.182025,40.46,1.826600,-275.05,0.499492,-156.72,1.976989,6.434796,-53.4,811.9,1.133411
340,-25.623865,153.146602,50.01,1.810300,-311.31,0.270363,-196.23,18.257862,8.338071,-53.4,69.8,1.136863
341,-25.623865,153.146602,49.32,1.810300,-311.31,0.234671,-196.23,21.860564,8.527898,-53.4,69.8,1.136863
342,-25.623865,153.146602,50.37,1.810300,-311.31,0.270363,-196.23,12.111674,8.418324,-52.05,69.8,1.131731
343,-25.623865,153.146602,49.47,1.810300,-311.31,0.290450,-196.23,13.467318,8.530712,-52.05,64.1,1.131731
344,-30.624244,119.505078,38.89,1.629267,-346.06,0.583150,-157.81,8.889714,6.575362,-52.05,393.5,1.130832
345,-30.624244,119.505078,38.54,1.629267,-346.06,0.589232,-157.81,9.215980,6.605054,-52.05,391.2,1.130832
346,-30.624244,119.505078,38.52,1.629267,-346.06,0.583150,-157.81,22.471601,6.745996,-47.22,393.5,1.135975
347,-30.624244,119.505078,40.55,1.629267,-346.06,0.572365,-157.81,23.935469,6.799423,-47.22,393.5,1.135975
348,-20.612596,140.597785,38.73,1.433450,-381.81,0.739532,-209.86,109.916376,6.427117,-67.6,179.3,1.137761
349,-20.612596,140.597785,43.25,1.433450,-381.81,0.726809,-209.86,121.038390,6.505022,-67.6,179.3,1.137761
350,-20.612596,140.597785,42.69,1.433450,-381.81,0.739532,-209.86,109.916376,6.427117,-67.6,179.3,1.147497
351,-20.612596,140.597785,43.97,1.433450,-381.81,0.751043,-209.86,120.208795,6.499432,-67.6,175.3,1.147497
352,-20.003726,138.984586,51.25,1.527540,-367.79,0.268986,-243.38,133.834823,7.011586,-77.65,375.3,1.132180
353,-20.003726,138.984586,54.08,1.527540,-367.79,0.201568,-243.38,161.278181,7.176985,-77.65,375.3,1.132180
354,-20.003726,138.984586,50.45,1.527540,-367.79,0.268986,-243.38,133.834823,7.011586,-77.65,375.3,1.137307
355,-20.003726,138.984586,52.11,1.527540,-367.79,0.346321,-243.38,173.101499,7.240736,-77.65,363.1,1.137307
356,-10.821296,142.322850,33.7,1.762408,-122.92,0.307496,-84.81,11.311993,6.716904,-55.54,122,1.115278
357,-10.821296,142.322850,34.91,1.762408,-122.92,0.355406,-84.81,12.967737,6.832580,-55.54,108.3,1.115278
358,-10.821296,142.322850,33.75,1.762408,-122.92,0.307496,-84.81,11.311993,6.716904,-55.54,122,1.103804
359,-10.821296,142.322850,34.68,1.762408,-122.92,0.268855,-84.81,12.486438,6.800354,-55.54,122,1.103804
360,-12.476316,141.898246,40.95,1.519277,-229.27,0.313603,-122.88,11.436525,5.172590,-53.15,92.1,1.137761
361,-12.476316,141.898246,40.91,1.519277,-229.27,0.373141,-122.88,13.010407,5.256633,-53.15,82.1,1.137761
362,-12.476316,141.898246,39.3,1.519277,-229.27,0.313603,-122.88,11.436525,5.172590,-53.15,92.1,1.147497
363,-12.476316,141.898246,43.4,1.519277,-229.27,0.252002,-122.88,12.838844,5.247917,-53.15,92.1,1.147497
364,-29.860404,146.714532,34.38,1.594945,-316.74,0.180383,-211.74,10.153894,6.365912,-41.94,195.25,1.133411
365,-29.860404,146.714532,34.19,1.594945,-316.74,0.222031,-211.74,11.048077,6.433427,-41.94,189.25,1.133411
366,-29.860404,146.714532,33.31,1.594945,-316.74,0.180383,-211.74,10.153894,6.365912,-41.94,195.25,1.128238
367,-29.860404,146.714532,33.29,1.594945,-316.74,0.109305,-211.74,11.540126,6.468564,-41.94,195.25,1.128238
